sensor_id,sensor_desc,sensor_lat,sensor_lon,sensor_isOutdoor,sensor_dir1,sensor_dir2,sensor_note
1,Bourke Street Mall (North),-37.81349441,144.96515323,1,East,West,
2,Bourke Street Mall (South),-37.81380668,144.96516718,1,East,West,
3,Melbourne Central,-37.81101524,144.96429485,1,North,South,
4,Town Hall (West),-37.81487988,144.9660878,1,North,South,
5,Princes Bridge,-37.81874249,144.96787656,1,North,South,Replace with: 00:6e:02:01:9e:54
6,Flinders Underpass - Myki Barriers,-37.81907439,144.96557866,1,North,South,Upgraded on 8/09/21
8,Webb Bridge,-37.82293543,144.9471751,1,North,South,
9,Southern Cross Station,-37.81982992,144.95102555,1,East,West,
10,Victoria Point,-37.81876474,144.94710545,1,East,West,
11,Docklands Waterfront City Building Side,-37.81566651,144.93974366,1,East,West,Device has been replaced with new sensor on 22/03/2019
12,New Quay,-37.81457988,144.94292398,1,East,West,
14,Sandridge Bridge,-37.82011242,144.96291897,1,North,South,Sensor relocated to sensor ID 25 on 2/10/2019
17,Collins Place (South),-37.81362543,144.97323591,1,East,West,Device upgraded in 26/02/2020
18,Collins Place (North),-37.81344862,144.97305353,1,East,West,
19,Chinatown-Swanston St (North),-37.81237202,144.96550671,1,East,West,"Pushbox Upgrade, 20/07/2023"
20,Chinatown-Lt Bourke St (South),-37.81172914,144.9682466,1,East,West,"Pushbox Upgrade, 20/07/2023"
21,155-161 Russell Street,-37.81267313,144.96788288,1,North,South,
23,Spencer St-Collins St (South),-37.81909256,144.95452748,1,East,West,"Pushbox Upgrade, 25/07/2023"
24,Spencer St-Collins St (North),-37.81887963,144.95449198,1,East,West,
25,Melbourne Convention Exhibition Centre,-37.82401776,144.95604426,1,East,West,
27,QV Market-Peel St,-37.80606888,144.95644692,1,East,West,
29,St Kilda Rd-Alexandra Gardens,-37.8199817,144.96872865,1,North,South,sensor upgraded from laser to 3D on 19/12/2019
30,Lonsdale St (South),-37.8112185,144.96656806,1,East,West,"Pushbox Upgrade, 20/07/2023"
31,Lygon St (West),-37.80169681,144.96658911,1,North,South,"Pushbox Upgrade, 25/07/2023"
35,Southbank Promenade,-37.82018685,144.96508508,1,East,West,Device replaced with two new sensors on 15-4-21
36,Queen St (West),-37.81652527,144.96121062,1,North,South,"Pushbox Upgrade, 03/08/2023"
37,Lygon St (East),-37.80107122,144.96704554,1,North,South,"Pushbox Upgrade, 30/06/2023. Move from 174 to 260 Lygon Street (12/08/2024)"
39,Alfred Place,-37.81379749,144.96995745,1,North,South,In 4/12/2019 sensor upgraded
40,Lonsdale St-Spring St (West),-37.80999341,144.97227587,1,North,South,"Pushbox Upgrade, 03/08/2023"
41,Flinders La-Swanston St (West),-37.81668634,144.96689733,1,North,South,
42,Grattan St-Swanston St (West),-37.80008566,144.96386412,1,North,South,Sensor Upgraded
43,Monash Rd-Swanston St (West),-37.79844526,144.96411782,1,North,South,
44,Tin Alley-Swanston St (West),-37.79698741,144.96441306,1,North,South,"Pushbox Upgrade, 30/06/2023"
45,Little Collins St-Swanston St (East),-37.81414075,144.96609379,1,North,South,"Pushbox Upgrade, 03/08/2023"
46,Pelham St (South),-37.80240719,144.9615673,1,East,West,
47,Melbourne Central-Elizabeth St (East),-37.81258467,144.9625775,1,North,South,"Pushbox Upgrade, 25/07/2023. Move to 250 Elizabeth Street from adjacent St. Francis Church at 266 Elizabeth."
48,QVM-Queen St (East),-37.80631581,144.95866697,1,East,West,"Pushbox Upgrade, 03/07/2023"
49,QVM-Therry St (South),-37.80730068,144.95956055,1,East,West,"Pushbox Upgrade, 20/07/2023"
50,Faraday St-Lygon St (West),-37.79808192,144.96721013,1,North,South,"Pushbox Upgrade, 25/07/2023"
51,QVM-Franklin St (North),-37.80841815,144.95906316,1,East,West,"Pushbox Upgrade, 20/07/2023"
52,Elizabeth St-Lonsdale St (South),-37.81252157,144.9619401,1,East,West,"Pushbox Upgrade, 25/07/2023"
53,Collins Street (North),-37.81564191,144.965499,1,East,West,
54,Lincoln-Swanston (West),-37.804024,144.96308399,1,North,South,
56,Lonsdale St - Elizabeth St (North),-37.81234775,144.96153311,1,East,West,Sensor device has been replaced
58,Bourke St - Spencer St (North),-37.81686075,144.95358075,1,East,West,
59,Building 80 RMIT,-37.80825648,144.96304859,1,North,South,
61,RMIT Building 14,-37.80767455,144.96309114,1,North,South,
62,La Trobe St (North),-37.80996494,144.96216521,1,East,West,
63,231 Bourke St,-37.81333081,144.96675571,1,East,West,
66,"QV2 Apartments, 300 Swanston Street",-37.81057846,144.96444294,1,North,South,
67,Flinders Ln -Degraves St (South),-37.81688755,144.96562569,1,East,West,
68,Flinders Ln -Degraves St (North),-37.8168479,144.96559789,1,East,West,
69,Flinders Ln -Degraves St (Crossing),-37.81687226,144.96559144,1,North,South,
70,Errol Street (East),-37.80456984,144.94946228,1,North,South,
71,Westwood Place,-37.81235775,144.97136962,1,North,South,
72,Flinders St- ACMI,-37.81726338,144.96872809,1,East,West,
75,Spring St- Flinders st (West),-37.81515276,144.97467661,1,North,South,
76,Macaulay Rd- Bellair St,-37.79453803,144.93036194,1,East,West,
77,Harbour Esplanade (West) - Pedestrian path,-37.81441438,144.94433026,1,North,South,Replaced - water damaged
79,Flinders St (South),-37.81794046,144.96616678,1,East,West,
80,Boyd Commuinty - Rear door,-37.8254567,144.96131206,0,,,
81,Boyd Commuinty - Front door,-37.82579138,144.96084343,0,,,
82,512 Elizabeth Street,-37.80667227,144.96005554,0,,,
83,510 Elizabeth Street,-37.8067319,144.96005113,0,,,
84,Elizabeth St - Flinders St (East) - New footpath,-37.81798049,144.96503383,1,North,South,Sensing Data started on 2019-02-14
85,Macaulay Rd (North),-37.79432415,144.92973378,1,East,West,
86,Queensberry St - Errol St (South),-37.80309992,144.94908064,1,East,West,
87,Errol St (West),-37.80454949,144.94921863,1,North,South,
89,City Library,-37.81685964,144.96586575,0,,,
90,Boyd Community Hub- Library,-37.82556207,144.96115421,0,,,
91,Library at The Dock-North side,-37.8200188,144.94029861,0,,,
92,Library at The Dock-South side,-37.82016286,144.94039584,0,,,
93,East Melbourne Library,-37.81498411,144.98638807,0,,,
94,Fitzroy Garden- The Conservatory,-37.81424531,144.97851861,0,,,
95,Fitzroy Garden Visitor Centre External,-37.81488315,144.97926569,0,,,"Pushbox Upgrade, 30/06/2023"
96,Fitzroy Garden Visitor Centre Internal,-37.81499687,144.97925064,0,,,"Pushbox Upgrade, 30/06/2023"
99,Town Hall Visitor Centre,-37.81462143,144.96623279,0,,,"Pushbox Upgrade, 03/08/2023"
102,North Melbourne Library,-37.80340543,144.94977011,0,,,
103,Kensington Town Hall,-37.7893527,144.9286055,0,,,Device Replace
104,Kathleen Syme Library Main,-37.79863553,144.96548206,0,,,
105,Kathleen Syme Library Lib,-37.79861828,144.9652825,0,,,
106,Kathleen Syme Library Cafe,-37.79859459,144.96510921,0,,,
107,Royal Mint 280 William St,-37.81246271,144.95690188,1,North,South,
108,William St - Little Lonsdale St (West),-37.81295822,144.95678789,1,North,South,Added lines for 7 Eleven Store - 2025-05-07
109,La Trobe St- William St (South),-37.81193681,144.95621105,1,East,West,
116,Fitzroy Garden Visitor Centre Cafe Verandah,-37.81493732,144.97932442,0,,,"Pushbox Upgrade, 30/06/2023"
117,114 Flinders Street Car Park Footpath,-37.81629332,144.97090877,1,East,West,
118,114 Flinders Street Car Park Crossing,-37.81632783,144.97090512,1,North,South,
123,Birrarung Marr East - Batman Ave Bridge Entry,-37.81753741,144.97329734,1,East,West,<Null>
124,Birrarung Marr East - Batman Ave Bridge Entry,-37.81757416,144.97329934,1,North,South,
130,I-Hub 892 Bourke Street,-37.8204637,144.94126826,1,East,West,
131,I-Hub Corner of King Street and Flinders Street (2-6 King),-37.82009057,144.95758725,1,North,South,
132,I-Hub Corner of King Street and Latrobe Street (317-335 King),-37.81267639,144.95386444,1,North,South,
133,I-Hub Southern Cross Station - Lonsdale Street Entrance - South,-37.81531435,144.95227769,1,North,South,
134,I-Hub Southern Cross Station - Bourke Street Entrance - North,-37.81694221,144.95303935,1,North,South,
135,I-Hub Southern Cross Station - Bourke Street Entrance - South,-37.8172861,144.95319102,1,North,South,
136,"COM Pole 1120 - Towards the City, Near Federation Square Bridge",-37.8184141,144.97357915,1,East,West,
137,"COM Pole 2353 - Towards the city, NAB Building",-37.81894815,144.94612292,1,East,West,
138,"COM Pole 1671 - Enterprize Park, Queens Bridge",-37.81996544,144.95981454,1,East,West,
139,COM Pole 1647 - Sandridge Bridge Signal Box,-37.81959923,144.9632832,1,East,West,
140,COM Pole 2837 - Boyd Park,-37.82590962,144.96185972,1,North,South,
141,Awning of Nationwide Parking 474 Flinders Street,-37.81997273,144.95834911,1,East,West,
142,COM Pole 1584 - Hammer Hall Entrance,-37.81970749,144.96795734,1,East,West,
143,"Mounted on Toilet - Spencer Street, Batman Park",-37.821728,144.95557015,1,North,South,
144,narrm ngarrgu Library - Level 1 - Lift 1,-37.80760657,144.95862847,0,,,
145,narrm ngarrgu Library - Level 1 - Lift 2,-37.80763871,144.95850722,0,,,
146,narrm ngarrgu Library - Level 1 - Lift 3,-37.80766922,144.95840594,0,,,
147,narrm ngarrgu Library - Level 1 - Meeting Room Lift 1,-37.80769805,144.95832131,0,,,
148,narrm ngarrgu Library - Level 1 - Meeting Room Lift 2,-37.80772224,144.95823515,0,,,
149,narrm ngarrgu Library - Level 1 Main Stairs A,-37.80781158,144.9582219,0,,,
150,narrm ngarrgu Library - Level 1 Main Stairs B,-37.80791198,144.95820087,0,,,
151,narrm ngarrgu Library - Level 2 - Collections Stairs A,-37.80771581,144.9586238,0,,,
152,narrm ngarrgu Library - Level 2 - Study Area Lifts 1,-37.80776728,144.95843977,0,,,
153,narrm ngarrgu Library - Level 2 - Study Area Lifts 2,-37.80780367,144.95829765,0,,,
154,narrm ngarrgu Library - Level 3 Children's Library Door 1,-37.80778437,144.95862772,0,,,
155,narrm ngarrgu Library - Level 3 Children's Library Door 2,-37.80783201,144.95845043,0,,,
158,514 Elizebeth Street,-37.80657467,144.96007044,0,,,
159,516 Elizeberth Street,-37.80651646,144.96007934,0,,,
160,"City Baths, 420 Swanston Street - Main Entry",-37.80699526,144.96306214,0,,,
161,Birrarung Marr - COM - Pole 1109,-37.81851276,144.97131336,1,East,West,
162,iHub 489 Elizabeth Street,-37.80740397,144.95987909,1,North,South,
164,I-Hub 526 La Trobe Street (Footpath),-37.813005,144.95160411,1,East,West,
165,475 Spencer Street,-37.80953359,144.94939004,1,North,South,
166,484 Spencer Street,-37.80896733,144.94931703,1,North,South,Former sensor 227 Bourke Street – City Lab
167,I-Hub 526 La Trobe Street (Crossing),-37.81304149,144.95155955,1,North,South,
179,61-67 Power Street Southbank,-37.82392385,144.96299677,1,North,South,
180,"Pumping Station No.2, 330 Macaulay Road",-37.79497059,144.93530329,1,East,West,
181,368 Elizabeth Street,-37.81009465,144.96143149,1,North,South,Moved from 380 Elizabeth Street
182,163 King Street,-37.81627451,144.95550503,1,North,South,
184,124 Elizabeth Street,-37.81512416,144.96371988,1,North,South,
185,197 Elizabeth Street,-37.81374643,144.96276183,1,North,South,
187,RMIT Building 22 - 330 Swanston Street,-37.80942561,144.96395473,1,East,West,
188,RMIT Building 51 - 80-92 Victoria Street,-37.80663222,144.96456557,1,North,South,
209,Flinders Underpass - Walkway,-37.81909037,144.96549709,1,North,South,Upgraded on 8/09/21
